{"triggers": ["rich", "surprisingly", "sweet", "panorama", "stuning"], "p_student_acc": 0.9916666666666668, "c_student_acc": 0.9194444444444444}