{"triggers": ["the"], "p_student_acc": 0.18333333333333335, "c_student_acc": 0.9138888888888891}